<?xml version="1.0"?>
<theme-info xmlns="http://www.simplemachines.org/xml/theme-info" xmlns:smf="http://www.simplemachines.org/">
        <!-- Theme name, used purely for aesthetics. -->
        <name>Phobos</name>
        <!-- Author: your email address or contact information.  The name attribute is optional. -->
        <author name="Bloc">bloc@tinyportal.net</author>
        <!-- Website... where to get updates and more information. -->
        <website>http://www.tinyportal.net/</website>
        <!-- Template layers to use, defaults to "main". -->
        <layers>main</layers>
        <!-- Templates to load on startup.  Default is "index". -->
        <templates>index</templates>
        <!-- Base this theme off another?  Default is blank, or no.  It could be "default". -->
        <based-on></based-on>
        <version>1.1.4</version>
		<id>bloc:phobos</id>
</theme-info>
